{
  "fs": 16000,
  "num_samples": 100531,
  "context": 4096,
  "filter_length": 8193,
  "block_length": 64,
  "transition_G": 0.995,
  "process_noise": 1e-07,
  "observation_noise": 0.01,
  "adaptive_noise": true,
  "adaptive_alpha": 0.999,
  "innovation_momentum": 0.3,
  "update_stride": 1,
  "baseline_sdr_avg": -3.5431110858917236,
  "kalman_sdr_avg": 3.5641448497772217,
  "baseline_mse_avg": -23.962390899658203,
  "kalman_mse_avg": -31.069644927978516,
  "baseline_sdr_per_ch": [
    -4.197000503540039,
    -4.197725772857666,
    -5.0462541580200195,
    -3.7686281204223633,
    -0.5059469938278198
  ],
  "kalman_sdr_per_ch": [
    4.671092987060547,
    4.883131504058838,
    6.018462657928467,
    2.0314559936523438,
    0.21658079326152802
  ]
}