{
  "fs": 16000,
  "num_samples": 160000,
  "mode": "block",
  "L": 1024,
  "block_size": 128,
  "fusnet_sdr_per_channel": [
    24.034526824951172,
    24.432783126831055,
    23.470989227294922,
    22.3560733795166,
    23.267000198364258
  ],
  "fusnet_sdr_avg": 23.512271881103516,
  "kalman_sdr_per_channel": [
    24.477218627929688,
    24.69245147705078,
    23.656938552856445,
    22.452316284179688,
    23.479108810424805
  ],
  "kalman_sdr_avg": 23.751605987548828,
  "fusnet_mse_db_per_channel": [
    -42.58761978149414,
    -42.540897369384766,
    -39.51335525512695,
    -42.572418212890625,
    -42.72132110595703
  ],
  "kalman_mse_db_per_channel": [
    -43.03031539916992,
    -42.800567626953125,
    -39.699302673339844,
    -42.66865539550781,
    -42.93342971801758
  ]
}