{
  "fusnet_baseline": {
    "label": "FuSNet baseline",
    "num_mics": 5,
    "num_samples": 100531,
    "num_frequency_bins": 513,
    "num_time_frames": 393,
    "num_evaluated_tf_bins": 142712,
    "covsim_mean": 0.20625186525715575,
    "covsim_median": 0.16143625229597092,
    "covsim_std": 0.1754217030827042,
    "covsim_min": 1.2480313671403565e-07,
    "covsim_max": 0.9990291595458984
  },
  "fusnet_kalman": {
    "label": "FuSNet + Kalman",
    "num_mics": 5,
    "num_samples": 100531,
    "num_frequency_bins": 513,
    "num_time_frames": 393,
    "num_evaluated_tf_bins": 142712,
    "covsim_mean": 0.9874599320625117,
    "covsim_median": 0.9999690055847168,
    "covsim_std": 0.07238123949100628,
    "covsim_min": 1.7001251535475603e-06,
    "covsim_max": 1.000000238418579
  },
  "improvement": {
    "delta_covsim_mean": 0.7812080668053559,
    "delta_covsim_median": 0.8385327532887459
  }
}