{
  "fs": 16000,
  "num_samples": 100531,
  "context": 4096,
  "filter_length": 8193,
  "block_length": 64,
  "transition_G": 0.995,
  "process_noise": 1e-07,
  "observation_noise": 0.01,
  "adaptive_noise": true,
  "adaptive_alpha": 0.999,
  "innovation_momentum": 0.3,
  "update_stride": 1,
  "baseline_sdr_avg": 2.1170477867126465,
  "kalman_sdr_avg": 24.1893367767334,
  "baseline_mse_avg": -21.50851058959961,
  "kalman_mse_avg": -43.5807991027832,
  "baseline_sdr_per_ch": [
    1.9002151489257812,
    2.1175060272216797,
    2.1662557125091553,
    2.7200098037719727,
    1.6812515258789062
  ],
  "kalman_sdr_per_ch": [
    26.765296936035156,
    26.24835777282715,
    25.385196685791016,
    25.302810668945312,
    17.245023727416992
  ]
}