{
  "fs": 16000,
  "num_samples": 100531,
  "context": 4096,
  "filter_length": 8193,
  "block_length": 64,
  "transition_G": 0.995,
  "process_noise": 1e-07,
  "observation_noise": 0.01,
  "adaptive_noise": true,
  "adaptive_alpha": 0.999,
  "innovation_momentum": 0.3,
  "update_stride": 1,
  "baseline_sdr_avg": 2.0187184810638428,
  "kalman_sdr_avg": 23.329679489135742,
  "baseline_mse_avg": -21.234941482543945,
  "kalman_mse_avg": -42.5458984375,
  "baseline_sdr_per_ch": [
    2.2033088207244873,
    1.8534331321716309,
    1.809096097946167,
    2.309424877166748,
    1.9183299541473389
  ],
  "kalman_sdr_per_ch": [
    25.885021209716797,
    25.761173248291016,
    23.13459014892578,
    24.702136993408203,
    17.16547393798828
  ]
}