{
  "fusnet_baseline": {
    "label": "FuSNet baseline",
    "num_mics": 5,
    "num_samples": 201062,
    "num_frequency_bins": 513,
    "num_time_frames": 786,
    "num_evaluated_tf_bins": 375342,
    "covsim_mean": 0.4749469789094372,
    "covsim_median": 0.449326291680336,
    "covsim_std": 0.31048726843777424,
    "covsim_min": 5.876087243450456e-07,
    "covsim_max": 0.9998575448989868
  },
  "fusnet_kalman": {
    "label": "FuSNet + Kalman",
    "num_mics": 5,
    "num_samples": 201062,
    "num_frequency_bins": 513,
    "num_time_frames": 786,
    "num_evaluated_tf_bins": 375342,
    "covsim_mean": 0.983561629742788,
    "covsim_median": 0.9967224299907684,
    "covsim_std": 0.05875117598001041,
    "covsim_min": -2.486806494061966e-08,
    "covsim_max": 0.9999995827674866
  },
  "improvement": {
    "delta_covsim_mean": 0.5086146508333509,
    "delta_covsim_median": 0.5473961383104324
  }
}