{
  "fs": 16000,
  "num_samples": 100531,
  "context": 4096,
  "filter_length": 8193,
  "block_length": 64,
  "transition_G": 0.995,
  "process_noise": 1e-07,
  "observation_noise": 0.01,
  "adaptive_noise": true,
  "adaptive_alpha": 0.999,
  "innovation_momentum": 0.3,
  "update_stride": 1,
  "baseline_sdr_avg": -2.727691411972046,
  "kalman_sdr_avg": 10.019570350646973,
  "baseline_mse_avg": -27.931610107421875,
  "kalman_mse_avg": -40.678871154785156,
  "baseline_sdr_per_ch": [
    -3.425651788711548,
    -3.5682120323181152,
    -3.2686233520507812,
    -2.941983699798584,
    -0.43398547172546387
  ],
  "kalman_sdr_per_ch": [
    12.314896583557129,
    11.976076126098633,
    12.637604713439941,
    11.67626953125,
    1.4930046796798706
  ]
}