{
  "fusnet_baseline": {
    "label": "FuSNet baseline",
    "num_mics": 5,
    "num_samples": 201062,
    "num_frequency_bins": 513,
    "num_time_frames": 786,
    "num_evaluated_tf_bins": 274789,
    "covsim_mean": 0.25020765127724476,
    "covsim_median": 0.18602995574474335,
    "covsim_std": 0.22130305782053158,
    "covsim_min": 3.109236331511056e-06,
    "covsim_max": 0.9998793005943298
  },
  "fusnet_kalman": {
    "label": "FuSNet + Kalman",
    "num_mics": 5,
    "num_samples": 201062,
    "num_frequency_bins": 513,
    "num_time_frames": 786,
    "num_evaluated_tf_bins": 274789,
    "covsim_mean": 0.9958802565916279,
    "covsim_median": 0.9999808669090271,
    "covsim_std": 0.04811166157887478,
    "covsim_min": 7.38750145501399e-08,
    "covsim_max": 1.000000238418579
  },
  "improvement": {
    "delta_covsim_mean": 0.7456726053143832,
    "delta_covsim_median": 0.8139509111642838
  }
}