{
  "fs": 16000,
  "num_samples": 201062,
  "context": 4096,
  "filter_length": 8193,
  "block_length": 64,
  "transition_G": 0.995,
  "process_noise": 1e-07,
  "observation_noise": 0.01,
  "adaptive_noise": true,
  "adaptive_alpha": 0.999,
  "innovation_momentum": 0.3,
  "update_stride": 1,
  "baseline_sdr_avg": 14.617268562316895,
  "kalman_sdr_avg": 26.903722763061523,
  "baseline_mse_avg": -27.422138214111328,
  "kalman_mse_avg": -39.708595275878906,
  "baseline_sdr_per_ch": [
    16.59432601928711,
    14.495438575744629,
    14.18388557434082,
    15.4027738571167,
    12.409916877746582
  ],
  "kalman_sdr_per_ch": [
    28.700897216796875,
    28.798330307006836,
    27.361160278320312,
    26.80821990966797,
    22.85000228881836
  ]
}