{
  "fs": 16000,
  "num_samples": 402124,
  "context": 4096,
  "filter_length": 8193,
  "block_length": 64,
  "transition_G": 0.995,
  "process_noise": 1e-07,
  "observation_noise": 0.01,
  "adaptive_noise": true,
  "adaptive_alpha": 0.999,
  "innovation_momentum": 0.3,
  "update_stride": 1,
  "baseline_sdr_avg": -4.1800150871276855,
  "kalman_sdr_avg": 13.779535293579102,
  "baseline_mse_avg": -24.466045379638672,
  "kalman_mse_avg": -42.42559814453125,
  "baseline_sdr_per_ch": [
    -5.553379058837891,
    -5.591764450073242,
    -5.502150535583496,
    -3.476229667663574,
    -0.7765519618988037
  ],
  "kalman_sdr_per_ch": [
    16.980735778808594,
    16.318180084228516,
    16.42759132385254,
    17.402700424194336,
    1.768460750579834
  ]
}