{
  "fs": 16000,
  "num_samples": 201062,
  "context": 4096,
  "filter_length": 8193,
  "block_length": 64,
  "transition_G": 0.995,
  "process_noise": 1e-07,
  "observation_noise": 0.01,
  "adaptive_noise": true,
  "adaptive_alpha": 0.999,
  "innovation_momentum": 0.3,
  "update_stride": 1,
  "baseline_sdr_avg": -1.92215096950531,
  "kalman_sdr_avg": 3.6538257598876953,
  "baseline_mse_avg": -19.13094139099121,
  "kalman_mse_avg": -24.706920623779297,
  "baseline_sdr_per_ch": [
    -2.388383626937866,
    -2.1280605792999268,
    -0.741703450679779,
    -2.656479835510254,
    -1.6961277723312378
  ],
  "kalman_sdr_per_ch": [
    4.499578952789307,
    4.66240930557251,
    5.769057273864746,
    2.108243942260742,
    1.2298394441604614
  ]
}