{
  "fusnet_baseline": {
    "label": "FuSNet baseline",
    "num_mics": 7,
    "num_samples": 201062,
    "num_frequency_bins": 513,
    "num_time_frames": 786,
    "num_evaluated_tf_bins": 274840,
    "covsim_mean": 0.16670775552235437,
    "covsim_median": 0.11993957683444023,
    "covsim_std": 0.16222317313754606,
    "covsim_min": 1.9014501972947073e-08,
    "covsim_max": 0.9999662041664124
  },
  "fusnet_kalman": {
    "label": "FuSNet + Kalman",
    "num_mics": 7,
    "num_samples": 201062,
    "num_frequency_bins": 513,
    "num_time_frames": 786,
    "num_evaluated_tf_bins": 274840,
    "covsim_mean": 0.99587055327869,
    "covsim_median": 0.9999788999557495,
    "covsim_std": 0.04965549140131111,
    "covsim_min": 7.662107037731403e-08,
    "covsim_max": 1.000000238418579
  },
  "improvement": {
    "delta_covsim_mean": 0.8291627977563356,
    "delta_covsim_median": 0.8800393231213093
  }
}