{
  "fs": 16000,
  "num_samples": 201062,
  "context": 4096,
  "filter_length": 8193,
  "block_length": 64,
  "transition_G": 0.995,
  "process_noise": 1e-07,
  "observation_noise": 0.01,
  "adaptive_noise": true,
  "adaptive_alpha": 0.999,
  "innovation_momentum": 0.3,
  "update_stride": 1,
  "baseline_sdr_avg": 14.16673469543457,
  "kalman_sdr_avg": 27.209775924682617,
  "baseline_mse_avg": -26.994646072387695,
  "kalman_mse_avg": -40.037689208984375,
  "baseline_sdr_per_ch": [
    14.597320556640625,
    14.572566986083984,
    14.345766067504883,
    14.932239532470703,
    13.727198600769043,
    14.380924224853516,
    12.611125946044922
  ],
  "kalman_sdr_per_ch": [
    28.75625228881836,
    28.774066925048828,
    27.394561767578125,
    28.224489212036133,
    27.613296508789062,
    26.827180862426758,
    22.878589630126953
  ]
}