{
  "fusnet_baseline": {
    "label": "FuSNet baseline",
    "num_mics": 5,
    "num_samples": 201062,
    "num_frequency_bins": 513,
    "num_time_frames": 786,
    "num_evaluated_tf_bins": 334833,
    "covsim_mean": 0.22316831636845763,
    "covsim_median": 0.17102332413196564,
    "covsim_std": 0.19488206132678937,
    "covsim_min": 4.846231504984644e-08,
    "covsim_max": 0.9998201131820679
  },
  "fusnet_kalman": {
    "label": "FuSNet + Kalman",
    "num_mics": 5,
    "num_samples": 201062,
    "num_frequency_bins": 513,
    "num_time_frames": 786,
    "num_evaluated_tf_bins": 334833,
    "covsim_mean": 0.9957030807658065,
    "covsim_median": 0.9999470114707947,
    "covsim_std": 0.050569787475589774,
    "covsim_min": 4.288136423724609e-08,
    "covsim_max": 1.000000238418579
  },
  "improvement": {
    "delta_covsim_mean": 0.7725347643973488,
    "delta_covsim_median": 0.828923687338829
  }
}