{
  "fs": 16000,
  "num_samples": 201062,
  "context": 4096,
  "filter_length": 8193,
  "block_length": 64,
  "transition_G": 0.995,
  "process_noise": 1e-07,
  "observation_noise": 0.01,
  "adaptive_noise": true,
  "adaptive_alpha": 0.999,
  "innovation_momentum": 0.3,
  "update_stride": 1,
  "baseline_sdr_avg": 2.587855815887451,
  "kalman_sdr_avg": 16.247879028320312,
  "baseline_mse_avg": -22.263784408569336,
  "kalman_mse_avg": -35.92380905151367,
  "baseline_sdr_per_ch": [
    3.7747719287872314,
    3.436943292617798,
    2.1541287899017334,
    2.080918788909912,
    1.4925179481506348
  ],
  "kalman_sdr_per_ch": [
    17.77988052368164,
    18.156085968017578,
    16.331886291503906,
    15.531366348266602,
    13.440181732177734
  ]
}