{
  "fs": 16000,
  "num_samples": 100531,
  "context": 4096,
  "filter_length": 8193,
  "block_length": 64,
  "transition_G": 0.995,
  "process_noise": 1e-07,
  "observation_noise": 0.01,
  "adaptive_noise": true,
  "adaptive_alpha": 0.999,
  "innovation_momentum": 0.3,
  "update_stride": 1,
  "baseline_sdr_avg": -2.654512643814087,
  "kalman_sdr_avg": 10.51447868347168,
  "baseline_mse_avg": -26.76820945739746,
  "kalman_mse_avg": -39.93720245361328,
  "baseline_sdr_per_ch": [
    -3.0525450706481934,
    -3.223531484603882,
    -3.22759747505188,
    -3.360353708267212,
    -0.40853556990623474
  ],
  "kalman_sdr_per_ch": [
    12.81405258178711,
    12.493555068969727,
    13.091520309448242,
    12.019392013549805,
    2.153876304626465
  ]
}