{
  "fs": 16000,
  "num_samples": 160000,
  "mode": "full",
  "L": 128,
  "block_size": 128,
  "fusnet_sdr_per_channel": [
    25.41959571838379,
    25.60051155090332,
    25.349863052368164
  ],
  "fusnet_sdr_avg": 25.45665740966797,
  "kalman_sdr_per_channel": [
    27.959346771240234,
    28.344650268554688,
    28.478931427001953
  ],
  "kalman_sdr_avg": 28.260976791381836,
  "fusnet_mse_db_per_channel": [
    -41.637489318847656,
    -41.99524688720703,
    -41.92000961303711
  ],
  "kalman_mse_db_per_channel": [
    -44.177242279052734,
    -44.7393798828125,
    -45.049072265625
  ]
}