{
  "fs": 16000,
  "num_samples": 160000,
  "mode": "block",
  "L": 1024,
  "block_size": 128,
  "fusnet_sdr_per_channel": [
    25.41959571838379,
    25.60051155090332,
    25.349863052368164
  ],
  "fusnet_sdr_avg": 25.45665740966797,
  "kalman_sdr_per_channel": [
    -205.65711975097656,
    -203.2382354736328,
    -205.81686401367188
  ],
  "kalman_sdr_avg": -204.90406799316406,
  "fusnet_mse_db_per_channel": [
    -41.637489318847656,
    -41.99524688720703,
    -41.92000961303711
  ],
  "kalman_mse_db_per_channel": [
    189.43923950195312,
    186.84349060058594,
    189.24673461914062
  ]
}