{
  "fs": 16000,
  "num_samples": 160000,
  "mode": "full",
  "L": 128,
  "block_size": 128,
  "fusnet_sdr_per_channel": [
    25.41959571838379,
    25.60051155090332,
    25.349863052368164
  ],
  "fusnet_sdr_avg": 25.45665740966797,
  "kalman_sdr_per_channel": [
    27.96453857421875,
    28.346261978149414,
    28.480480194091797
  ],
  "kalman_sdr_avg": 28.263757705688477,
  "fusnet_mse_db_per_channel": [
    -41.637489318847656,
    -41.99524688720703,
    -41.92000961303711
  ],
  "kalman_mse_db_per_channel": [
    -44.182430267333984,
    -44.740997314453125,
    -45.050621032714844
  ]
}