{
  "fs": 16000,
  "num_samples": 160000,
  "mode": "block",
  "L": 1024,
  "block_size": 128,
  "fusnet_sdr_per_channel": [
    14.457239151000977,
    14.240106582641602,
    14.11557388305664,
    13.357065200805664,
    14.018068313598633
  ],
  "fusnet_sdr_avg": 14.037610054016113,
  "kalman_sdr_per_channel": [
    14.883319854736328,
    14.646783828735352,
    14.557811737060547,
    13.7987699508667,
    14.432743072509766
  ],
  "kalman_sdr_avg": 14.463885307312012,
  "fusnet_mse_db_per_channel": [
    -28.708803176879883,
    -28.243267059326172,
    -29.53508758544922,
    -27.966716766357422,
    -27.88541030883789
  ],
  "kalman_mse_db_per_channel": [
    -29.134885787963867,
    -28.649948120117188,
    -29.977325439453125,
    -28.408424377441406,
    -28.300086975097656
  ]
}