{
  "fs": 16000,
  "num_samples": 100531,
  "context": 4096,
  "filter_length": 8193,
  "block_length": 64,
  "transition_G": 0.995,
  "process_noise": 1e-07,
  "observation_noise": 0.01,
  "adaptive_noise": true,
  "adaptive_alpha": 0.999,
  "innovation_momentum": 0.3,
  "update_stride": 1,
  "baseline_sdr_avg": 1.466639757156372,
  "kalman_sdr_avg": 26.088001251220703,
  "baseline_mse_avg": -20.486297607421875,
  "kalman_mse_avg": -45.107662200927734,
  "baseline_sdr_per_ch": [
    1.3794673681259155,
    1.1210477352142334,
    1.344905972480774,
    1.70608389377594,
    1.5524346828460693,
    2.0036585330963135,
    1.1588810682296753
  ],
  "kalman_sdr_per_ch": [
    28.936817169189453,
    27.89278221130371,
    27.282922744750977,
    27.68319320678711,
    27.244522094726562,
    26.053184509277344,
    17.522600173950195
  ]
}