{
  "fs": 16000,
  "num_samples": 100531,
  "context": 4096,
  "filter_length": 8193,
  "block_length": 64,
  "transition_G": 0.995,
  "process_noise": 1e-07,
  "observation_noise": 0.01,
  "adaptive_noise": true,
  "adaptive_alpha": 0.999,
  "innovation_momentum": 0.3,
  "update_stride": 1,
  "baseline_sdr_avg": -3.244044542312622,
  "kalman_sdr_avg": 9.527420997619629,
  "baseline_mse_avg": -19.095088958740234,
  "kalman_mse_avg": -31.866552352905273,
  "baseline_sdr_per_ch": [
    -3.5520787239074707,
    -3.660904884338379,
    -4.196488380432129,
    -3.4711825847625732,
    -1.3395676612854004
  ],
  "kalman_sdr_per_ch": [
    11.97054672241211,
    11.888741493225098,
    11.470860481262207,
    9.880227088928223,
    2.426729679107666
  ]
}