{
  "fusnet_baseline": {
    "label": "FuSNet baseline",
    "num_mics": 5,
    "num_samples": 201062,
    "num_frequency_bins": 513,
    "num_time_frames": 786,
    "num_evaluated_tf_bins": 388020,
    "covsim_mean": 0.2289952223576405,
    "covsim_median": 0.17207630723714828,
    "covsim_std": 0.2052547458590211,
    "covsim_min": 9.768292841272341e-08,
    "covsim_max": 0.9999844431877136
  },
  "fusnet_kalman": {
    "label": "FuSNet + Kalman",
    "num_mics": 5,
    "num_samples": 201062,
    "num_frequency_bins": 513,
    "num_time_frames": 786,
    "num_evaluated_tf_bins": 388020,
    "covsim_mean": 0.9843353372646887,
    "covsim_median": 0.9990046620368958,
    "covsim_std": 0.07027599958105271,
    "covsim_min": 6.273481176322093e-06,
    "covsim_max": 0.9999998807907104
  },
  "improvement": {
    "delta_covsim_mean": 0.7553401149070482,
    "delta_covsim_median": 0.8269283547997475
  }
}