{
  "fusnet_baseline": {
    "label": "FuSNet baseline",
    "num_mics": 5,
    "num_samples": 100531,
    "num_frequency_bins": 513,
    "num_time_frames": 393,
    "num_evaluated_tf_bins": 167110,
    "covsim_mean": 0.2373905201398411,
    "covsim_median": 0.18213562667369843,
    "covsim_std": 0.20370339476440014,
    "covsim_min": 1.0807275430124719e-06,
    "covsim_max": 0.9998682141304016
  },
  "fusnet_kalman": {
    "label": "FuSNet + Kalman",
    "num_mics": 5,
    "num_samples": 100531,
    "num_frequency_bins": 513,
    "num_time_frames": 393,
    "num_evaluated_tf_bins": 167110,
    "covsim_mean": 0.9665667051164097,
    "covsim_median": 0.9999755620956421,
    "covsim_std": 0.1203620012367971,
    "covsim_min": 1.0973167974270837e-07,
    "covsim_max": 1.0000003576278687
  },
  "improvement": {
    "delta_covsim_mean": 0.7291761849765687,
    "delta_covsim_median": 0.8178399354219437
  }
}