{
  "mode": "full",
  "fs": 16000,
  "num_samples": 100531,
  "context": 4096,
  "filter_length": 8193,
  "window_size": 16384,
  "stride": 8192,
  "kalman_block_frames": 4,
  "transition": 0.995,
  "process_noise": 1e-08,
  "observation_noise": 0.01,
  "initial_covariance": 0.001,
  "kalman_lr": 20,
  "max_grad_norm": 1,
  "transition_center": "zero",
  "total_updated_parameters": 327720,
  "baseline_sdr_per_channel": [
    -5.211219310760498,
    -5.320987701416016,
    -4.900609016418457,
    -3.5839738845825195,
    -0.6980757713317871
  ],
  "baseline_sdr_avg": -3.9429733753204346,
  "param_kalman_sdr_per_channel": [
    -4.35747766494751,
    -4.310226917266846,
    -3.8458328247070312,
    -2.706554412841797,
    -0.5725176334381104
  ],
  "param_kalman_sdr_avg": -3.158521890640259,
  "baseline_mse_db_per_channel": [
    -24.177860260009766,
    -23.19567108154297,
    -23.57403564453125,
    -23.145633697509766,
    -16.317489624023438
  ],
  "param_kalman_mse_db_per_channel": [
    -25.03160285949707,
    -24.206430435180664,
    -24.62881088256836,
    -24.023052215576172,
    -16.44304656982422
  ]
}