{
  "fs": 16000,
  "num_samples": 201062,
  "context": 4096,
  "filter_length": 8193,
  "block_length": 64,
  "transition_G": 0.995,
  "process_noise": 1e-07,
  "observation_noise": 0.01,
  "adaptive_noise": true,
  "adaptive_alpha": 0.999,
  "innovation_momentum": 0.3,
  "update_stride": 1,
  "baseline_sdr_avg": 13.834894180297852,
  "kalman_sdr_avg": 25.604726791381836,
  "baseline_mse_avg": -26.898473739624023,
  "kalman_mse_avg": -38.668304443359375,
  "baseline_sdr_per_ch": [
    13.456625938415527,
    15.144430160522461,
    15.01284122467041,
    13.09608268737793,
    12.464488983154297
  ],
  "kalman_sdr_per_ch": [
    26.845481872558594,
    27.04669189453125,
    25.72657585144043,
    25.944854736328125,
    22.460025787353516
  ]
}