{
  "fusnet_baseline": {
    "label": "FuSNet baseline",
    "num_mics": 5,
    "num_samples": 100531,
    "num_frequency_bins": 513,
    "num_time_frames": 393,
    "num_evaluated_tf_bins": 124055,
    "covsim_mean": 0.20683970569158844,
    "covsim_median": 0.16225890815258026,
    "covsim_std": 0.17588276719966545,
    "covsim_min": 1.8843541056412505e-06,
    "covsim_max": 0.9999381303787231
  },
  "fusnet_kalman": {
    "label": "FuSNet + Kalman",
    "num_mics": 5,
    "num_samples": 100531,
    "num_frequency_bins": 513,
    "num_time_frames": 393,
    "num_evaluated_tf_bins": 124055,
    "covsim_mean": 0.9929748133545114,
    "covsim_median": 0.9999803900718689,
    "covsim_std": 0.06542358572781835,
    "covsim_min": 2.7271070734968816e-07,
    "covsim_max": 1.000000238418579
  },
  "improvement": {
    "delta_covsim_mean": 0.786135107662923,
    "delta_covsim_median": 0.8377214819192886
  }
}