{
  "fs": 16000,
  "num_samples": 100531,
  "context": 4096,
  "filter_length": 8193,
  "block_length": 64,
  "transition_G": 0.995,
  "process_noise": 1e-07,
  "observation_noise": 0.01,
  "adaptive_noise": true,
  "adaptive_alpha": 0.999,
  "innovation_momentum": 0.3,
  "update_stride": 1,
  "baseline_sdr_avg": 2.9858546257019043,
  "kalman_sdr_avg": 28.60894775390625,
  "baseline_mse_avg": -16.728435516357422,
  "kalman_mse_avg": -42.351531982421875,
  "baseline_sdr_per_ch": [
    2.9900403022766113,
    2.9655098915100098,
    2.912801504135132,
    3.2119619846343994,
    2.8489603996276855
  ],
  "kalman_sdr_per_ch": [
    30.74216079711914,
    30.147647857666016,
    29.874786376953125,
    29.6583194732666,
    22.6218318939209
  ]
}