{
  "fusnet_baseline": {
    "label": "FuSNet baseline",
    "num_mics": 5,
    "num_samples": 100531,
    "num_frequency_bins": 513,
    "num_time_frames": 393,
    "num_evaluated_tf_bins": 142643,
    "covsim_mean": 0.21977153440061784,
    "covsim_median": 0.17332817614078522,
    "covsim_std": 0.18374230070898978,
    "covsim_min": 2.9064747195661766e-06,
    "covsim_max": 0.9998388290405273
  },
  "fusnet_kalman": {
    "label": "FuSNet + Kalman",
    "num_mics": 5,
    "num_samples": 100531,
    "num_frequency_bins": 513,
    "num_time_frames": 393,
    "num_evaluated_tf_bins": 142643,
    "covsim_mean": 0.9888299744876672,
    "covsim_median": 0.9999753832817078,
    "covsim_std": 0.06844392672893619,
    "covsim_min": 1.2466646694520023e-05,
    "covsim_max": 1.000000238418579
  },
  "improvement": {
    "delta_covsim_mean": 0.7690584400870494,
    "delta_covsim_median": 0.8266472071409225
  }
}