{
  "fs": 16000,
  "num_samples": 100531,
  "context": 4096,
  "filter_length": 8193,
  "block_length": 64,
  "transition_G": 0.995,
  "process_noise": 1e-07,
  "observation_noise": 0.01,
  "adaptive_noise": true,
  "adaptive_alpha": 0.999,
  "innovation_momentum": 0.3,
  "update_stride": 1,
  "baseline_sdr_avg": 1.4559108018875122,
  "kalman_sdr_avg": 25.49285316467285,
  "baseline_mse_avg": -20.40387535095215,
  "kalman_mse_avg": -44.44081497192383,
  "baseline_sdr_per_ch": [
    1.3243577480316162,
    1.4469029903411865,
    1.1687276363372803,
    1.9024806022644043,
    1.4370847940444946
  ],
  "kalman_sdr_per_ch": [
    28.835580825805664,
    27.873859405517578,
    27.268619537353516,
    26.027965545654297,
    17.458236694335938
  ]
}