{
  "fs": 16000,
  "num_samples": 100531,
  "mode": "full",
  "kalman_input": "FuSNet Group-A output",
  "kalman_filter_dimension": "5 x 5 x 8192",
  "L": 8192,
  "block_size": 256,
  "transition": 0.995,
  "process_noise": 1e-07,
  "observation_noise": 0.001,
  "initial_covariance": 0.01,
  "fusnet_sdr_per_channel": [
    -5.211219310760498,
    -5.320987701416016,
    -4.900609016418457,
    -3.5839738845825195,
    -0.6980757713317871
  ],
  "fusnet_sdr_avg": -3.9429733753204346,
  "kalman_sdr_per_channel": [
    19.219924926757812,
    16.518342971801758,
    19.169099807739258,
    20.6892032623291,
    21.93613052368164
  ],
  "kalman_sdr_avg": 19.506540298461914,
  "fusnet_mse_db_per_channel": [
    -24.177860260009766,
    -23.19567108154297,
    -23.57403564453125,
    -23.145633697509766,
    -16.317489624023438
  ],
  "kalman_mse_db_per_channel": [
    -48.609004974365234,
    -45.03499984741211,
    -47.643741607666016,
    -47.41880798339844,
    -38.95169448852539
  ]
}