{
  "fs": 16000,
  "num_samples": 100531,
  "mode": "block",
  "architecture": "R_abK(t) = R_abF checkpoint filter multiplied by adaptive Rt(t)",
  "L": 16384,
  "block_size": 64,
  "transition": 0.995,
  "process_noise": 1e-07,
  "observation_noise": 0.001,
  "initial_covariance": 0.01,
  "filter_shape_R_fusnet": [
    5,
    8,
    16384
  ],
  "filter_shape_Rt": [
    5,
    8,
    16384
  ],
  "fusnet_normal_sdr_per_channel": [
    -3.425651788711548,
    -3.5682120323181152,
    -3.2686233520507812,
    -2.941983699798584,
    -0.43398547172546387
  ],
  "fusnet_normal_sdr_avg": -2.727691411972046,
  "base_filter_sdr_per_channel": [
    -0.04573717340826988,
    -0.3081432580947876,
    -0.680939793586731,
    -0.6387024521827698,
    -0.09194263815879822
  ],
  "base_filter_sdr_avg": -0.35309308767318726,
  "weight_kalman_sdr_per_channel": [
    0.2630515992641449,
    -0.08051717281341553,
    -0.5237671136856079,
    -0.382283478975296,
    -0.00759044149890542
  ],
  "weight_kalman_sdr_avg": -0.1462213099002838,
  "fusnet_normal_mse_db_per_channel": [
    -29.63250732421875,
    -29.842012405395508,
    -27.935400009155273,
    -30.60794448852539,
    -21.64017677307129
  ],
  "base_filter_mse_db_per_channel": [
    -33.012420654296875,
    -33.102081298828125,
    -30.523086547851562,
    -32.911224365234375,
    -21.982219696044922
  ],
  "weight_kalman_mse_db_per_channel": [
    -33.32120895385742,
    -33.32970428466797,
    -30.68025779724121,
    -33.16764450073242,
    -22.066572189331055
  ]
}