{
  "fs": 16000,
  "num_samples": 100531,
  "mode": "block",
  "L": 131072,
  "block_size": 256,
  "fusnet_sdr_per_channel": [
    -3.425651788711548,
    -3.5682120323181152,
    -3.2686233520507812,
    -2.941983699798584,
    -0.43398547172546387
  ],
  "fusnet_sdr_avg": -2.727691411972046,
  "kalman_sdr_per_channel": [
    -1.032639980316162,
    -0.7431440949440002,
    -1.165644645690918,
    -0.0814080536365509,
    -0.09910184144973755
  ],
  "kalman_sdr_avg": -0.6243876814842224,
  "fusnet_mse_db_per_channel": [
    -29.63250732421875,
    -29.842012405395508,
    -27.935400009155273,
    -30.60794448852539,
    -21.64017677307129
  ],
  "kalman_mse_db_per_channel": [
    -32.02552032470703,
    -32.66707992553711,
    -30.038379669189453,
    -33.4685173034668,
    -21.975059509277344
  ]
}