{
  "fs": 16000,
  "num_samples": 100531,
  "mode": "full",
  "architecture": "R_abK(t) = R_abF checkpoint filter multiplied by adaptive Rt(t)",
  "L": 128,
  "block_size": 256,
  "transition": 0.995,
  "process_noise": 1e-07,
  "observation_noise": 0.001,
  "initial_covariance": 0.01,
  "filter_shape_R_fusnet": [
    5,
    8,
    128
  ],
  "filter_shape_Rt": [
    5,
    8,
    128
  ],
  "fusnet_normal_sdr_per_channel": [
    -5.211219310760498,
    -5.320987701416016,
    -4.900609016418457,
    -3.5839738845825195,
    -0.6980757713317871
  ],
  "fusnet_normal_sdr_avg": -3.9429733753204346,
  "base_filter_sdr_per_channel": [
    -0.21303606033325195,
    -0.6232317686080933,
    0.013166334480047226,
    -0.17002016305923462,
    -0.022096727043390274
  ],
  "base_filter_sdr_avg": -0.20304366946220398,
  "weight_kalman_sdr_per_channel": [
    -0.212459996342659,
    -0.6219742894172668,
    0.013671617954969406,
    -0.16944143176078796,
    -0.021416667848825455
  ],
  "weight_kalman_sdr_avg": -0.20232415199279785,
  "fusnet_normal_mse_db_per_channel": [
    -24.177860260009766,
    -23.19567108154297,
    -23.57403564453125,
    -23.145633697509766,
    -16.317489624023438
  ],
  "base_filter_mse_db_per_channel": [
    -29.176044464111328,
    -27.8934268951416,
    -28.487812042236328,
    -26.559585571289062,
    -16.99346923828125
  ],
  "weight_kalman_mse_db_per_channel": [
    -29.176618576049805,
    -27.894683837890625,
    -28.48831558227539,
    -26.560163497924805,
    -16.99414825439453
  ]
}