{
  "fs": 16000,
  "num_samples": 100531,
  "mode": "block",
  "architecture": "R_abK(t) = R_abF checkpoint filter multiplied by adaptive Rt(t)",
  "L": 4096,
  "block_size": 256,
  "transition": 0.995,
  "process_noise": 1e-07,
  "observation_noise": 0.001,
  "initial_covariance": 0.01,
  "filter_shape_R_fusnet": [
    5,
    8,
    4096
  ],
  "filter_shape_Rt": [
    5,
    8,
    4096
  ],
  "fusnet_normal_sdr_per_channel": [
    -3.425651788711548,
    -3.5682120323181152,
    -3.2686233520507812,
    -2.941983699798584,
    -0.43398547172546387
  ],
  "fusnet_normal_sdr_avg": -2.727691411972046,
  "base_filter_sdr_per_channel": [
    -0.030982114374637604,
    -0.3010183870792389,
    -0.7352615594863892,
    -0.6493470668792725,
    -0.08807674795389175
  ],
  "base_filter_sdr_avg": -0.3609371781349182,
  "weight_kalman_sdr_per_channel": [
    1.1687695980072021,
    0.9036980867385864,
    0.21323174238204956,
    0.3704051971435547,
    0.5722122192382812
  ],
  "weight_kalman_sdr_avg": 0.6456633806228638,
  "fusnet_normal_mse_db_per_channel": [
    -29.63250732421875,
    -29.842012405395508,
    -27.935400009155273,
    -30.60794448852539,
    -21.64017677307129
  ],
  "base_filter_mse_db_per_channel": [
    -33.02717590332031,
    -33.10920333862305,
    -30.468765258789062,
    -32.900577545166016,
    -21.986083984375
  ],
  "weight_kalman_mse_db_per_channel": [
    -34.2269287109375,
    -34.31392288208008,
    -31.41725730895996,
    -33.92033004760742,
    -22.646371841430664
  ]
}