{
  "fusnet_baseline": {
    "label": "FuSNet baseline",
    "num_mics": 5,
    "num_samples": 100531,
    "num_frequency_bins": 513,
    "num_time_frames": 393,
    "num_evaluated_tf_bins": 151030,
    "covsim_mean": 0.2039141362121204,
    "covsim_median": 0.1603442132472992,
    "covsim_std": 0.17249418265536187,
    "covsim_min": 1.928598749145749e-06,
    "covsim_max": 0.9999793171882629
  },
  "fusnet_kalman": {
    "label": "FuSNet + Kalman",
    "num_mics": 5,
    "num_samples": 100531,
    "num_frequency_bins": 513,
    "num_time_frames": 393,
    "num_evaluated_tf_bins": 151030,
    "covsim_mean": 0.9925460487303757,
    "covsim_median": 0.9999800324440002,
    "covsim_std": 0.06711607057678351,
    "covsim_min": 4.9020749429473653e-05,
    "covsim_max": 1.000000238418579
  },
  "improvement": {
    "delta_covsim_mean": 0.7886319125182553,
    "delta_covsim_median": 0.839635819196701
  }
}