{
  "fs": 16000,
  "num_samples": 100531,
  "context": 4096,
  "filter_length": 8193,
  "block_length": 64,
  "transition_G": 0.995,
  "process_noise": 1e-07,
  "observation_noise": 0.01,
  "adaptive_noise": true,
  "adaptive_alpha": 0.999,
  "innovation_momentum": 0.3,
  "update_stride": 1,
  "baseline_sdr_avg": 2.9653661251068115,
  "kalman_sdr_avg": 27.760807037353516,
  "baseline_mse_avg": -16.54545021057129,
  "kalman_mse_avg": -41.34088897705078,
  "baseline_sdr_per_ch": [
    2.9711556434631348,
    2.9006996154785156,
    2.843278646469116,
    3.0627169609069824,
    3.0489797592163086
  ],
  "kalman_sdr_per_ch": [
    29.82209014892578,
    29.6036376953125,
    27.83127784729004,
    29.05815315246582,
    22.488876342773438
  ]
}