{
  "fusnet_baseline": {
    "label": "FuSNet baseline",
    "num_mics": 7,
    "num_samples": 100531,
    "num_frequency_bins": 513,
    "num_time_frames": 393,
    "num_evaluated_tf_bins": 189431,
    "covsim_mean": 0.17804230175573427,
    "covsim_median": 0.13117843866348267,
    "covsim_std": 0.16327797921382084,
    "covsim_min": 2.871784658964316e-07,
    "covsim_max": 0.9995453357696533
  },
  "fusnet_kalman": {
    "label": "FuSNet + Kalman",
    "num_mics": 7,
    "num_samples": 100531,
    "num_frequency_bins": 513,
    "num_time_frames": 393,
    "num_evaluated_tf_bins": 189431,
    "covsim_mean": 0.9045202872930502,
    "covsim_median": 0.9976685047149658,
    "covsim_std": 0.2371210120830253,
    "covsim_min": 3.321453050375567e-06,
    "covsim_max": 1.0000001192092896
  },
  "improvement": {
    "delta_covsim_mean": 0.726477985537316,
    "delta_covsim_median": 0.8664900660514832
  }
}