{
  "fs": 16000,
  "num_samples": 100531,
  "context": 4096,
  "filter_length": 8193,
  "block_length": 64,
  "transition_G": 0.995,
  "process_noise": 1e-07,
  "observation_noise": 0.01,
  "adaptive_noise": true,
  "adaptive_alpha": 0.999,
  "innovation_momentum": 0.3,
  "update_stride": 1,
  "baseline_sdr_avg": -3.2830886840820312,
  "kalman_sdr_avg": 9.514862060546875,
  "baseline_mse_avg": -25.222946166992188,
  "kalman_mse_avg": -38.020896911621094,
  "baseline_sdr_per_ch": [
    -3.7015414237976074,
    -3.765515089035034,
    -3.447913646697998,
    -3.671678066253662,
    -4.047224521636963,
    -3.6061534881591797,
    -0.7415944337844849
  ],
  "kalman_sdr_per_ch": [
    10.970648765563965,
    11.51589584350586,
    8.5409574508667,
    11.561240196228027,
    10.449360847473145,
    11.41135025024414,
    2.154578924179077
  ]
}