{
  "fs": 16000,
  "num_samples": 201062,
  "context": 4096,
  "filter_length": 8193,
  "block_length": 64,
  "transition_G": 0.995,
  "process_noise": 1e-07,
  "observation_noise": 0.01,
  "adaptive_noise": true,
  "adaptive_alpha": 0.999,
  "innovation_momentum": 0.3,
  "update_stride": 1,
  "baseline_sdr_avg": 2.3916356563568115,
  "kalman_sdr_avg": 10.678070068359375,
  "baseline_mse_avg": -22.237545013427734,
  "kalman_mse_avg": -30.52398109436035,
  "baseline_sdr_per_ch": [
    2.7959134578704834,
    2.5900354385375977,
    2.9642772674560547,
    2.3574185371398926,
    1.8089431524276733,
    2.3359296321868896,
    1.8889309167861938
  ],
  "kalman_sdr_per_ch": [
    10.764180183410645,
    11.482147216796875,
    8.425501823425293,
    11.592720031738281,
    10.4841890335083,
    11.21182918548584,
    10.78592300415039
  ]
}