{
  "fs": 16000,
  "num_samples": 201062,
  "context": 4096,
  "filter_length": 8193,
  "block_length": 64,
  "transition_G": 0.995,
  "process_noise": 1e-07,
  "observation_noise": 0.01,
  "adaptive_noise": true,
  "adaptive_alpha": 0.999,
  "innovation_momentum": 0.3,
  "update_stride": 1,
  "baseline_sdr_avg": 13.9933500289917,
  "kalman_sdr_avg": 24.478336334228516,
  "baseline_mse_avg": -25.570926666259766,
  "kalman_mse_avg": -36.05591583251953,
  "baseline_sdr_per_ch": [
    15.412538528442383,
    14.533140182495117,
    14.025763511657715,
    14.012290954589844,
    11.983020782470703
  ],
  "kalman_sdr_per_ch": [
    25.715065002441406,
    25.551881790161133,
    22.890317916870117,
    24.859163284301758,
    23.375261306762695
  ]
}