{
  "fusnet_baseline": {
    "label": "FuSNet baseline",
    "num_mics": 5,
    "num_samples": 201062,
    "num_frequency_bins": 513,
    "num_time_frames": 786,
    "num_evaluated_tf_bins": 304924,
    "covsim_mean": 0.20693895574201446,
    "covsim_median": 0.162138931453228,
    "covsim_std": 0.17562839877571057,
    "covsim_min": 1.8505708112570574e-06,
    "covsim_max": 0.9999598860740662
  },
  "fusnet_kalman": {
    "label": "FuSNet + Kalman",
    "num_mics": 5,
    "num_samples": 201062,
    "num_frequency_bins": 513,
    "num_time_frames": 786,
    "num_evaluated_tf_bins": 304924,
    "covsim_mean": 0.996720813963235,
    "covsim_median": 0.9999814629554749,
    "covsim_std": 0.0485821682698793,
    "covsim_min": 2.1531120637519052e-06,
    "covsim_max": 1.000000238418579
  },
  "improvement": {
    "delta_covsim_mean": 0.7897818582212205,
    "delta_covsim_median": 0.8378425315022469
  }
}