{
  "fs": 16000,
  "num_samples": 201062,
  "context": 4096,
  "filter_length": 8193,
  "block_length": 64,
  "transition_G": 0.995,
  "process_noise": 1e-07,
  "observation_noise": 0.01,
  "adaptive_noise": true,
  "adaptive_alpha": 0.999,
  "innovation_momentum": 0.3,
  "update_stride": 1,
  "baseline_sdr_avg": 18.374677658081055,
  "kalman_sdr_avg": 29.809900283813477,
  "baseline_mse_avg": -28.938634872436523,
  "kalman_mse_avg": -40.37385559082031,
  "baseline_sdr_per_ch": [
    18.746450424194336,
    19.15603256225586,
    18.930665969848633,
    18.051050186157227,
    16.989194869995117
  ],
  "kalman_sdr_per_ch": [
    30.659914016723633,
    30.766380310058594,
    29.988243103027344,
    30.14046859741211,
    27.494491577148438
  ]
}