{
  "fusnet_baseline": {
    "label": "FuSNet baseline",
    "num_mics": 5,
    "num_samples": 201062,
    "num_frequency_bins": 513,
    "num_time_frames": 786,
    "num_evaluated_tf_bins": 382918,
    "covsim_mean": 0.2938142465176025,
    "covsim_median": 0.22176870703697205,
    "covsim_std": 0.2499890318186875,
    "covsim_min": 1.501804263170925e-06,
    "covsim_max": 0.9997601509094238
  },
  "fusnet_kalman": {
    "label": "FuSNet + Kalman",
    "num_mics": 5,
    "num_samples": 201062,
    "num_frequency_bins": 513,
    "num_time_frames": 786,
    "num_evaluated_tf_bins": 382918,
    "covsim_mean": 0.963623569661461,
    "covsim_median": 0.995414674282074,
    "covsim_std": 0.10304961983108589,
    "covsim_min": 1.7406083543392015e-06,
    "covsim_max": 1.0000001192092896
  },
  "improvement": {
    "delta_covsim_mean": 0.6698093231438584,
    "delta_covsim_median": 0.7736459672451019
  }
}