{
  "fs": 16000,
  "num_samples": 201062,
  "context": 4096,
  "filter_length": 8193,
  "block_length": 64,
  "transition_G": 0.995,
  "process_noise": 1e-07,
  "observation_noise": 0.01,
  "adaptive_noise": true,
  "adaptive_alpha": 0.999,
  "innovation_momentum": 0.3,
  "update_stride": 1,
  "baseline_sdr_avg": 1.9286350011825562,
  "kalman_sdr_avg": 10.274190902709961,
  "baseline_mse_avg": -21.657541275024414,
  "kalman_mse_avg": -30.003093719482422,
  "baseline_sdr_per_ch": [
    2.34218692779541,
    2.42221736907959,
    2.5748753547668457,
    1.257185459136963,
    1.0467098951339722
  ],
  "kalman_sdr_per_ch": [
    11.828383445739746,
    11.93297004699707,
    10.94392204284668,
    9.572503089904785,
    7.09317684173584
  ]
}